,mean_fit_time,std_fit_time,mean_score_time,std_score_time,param_C,param_penalty,param_random_state,param_solver,params,split0_test_score,split1_test_score,split2_test_score,split3_test_score,split4_test_score,mean_test_score,std_test_score,rank_test_score,param_alpha,param_loss,param_criterion,param_max_depth,param_splitter,param_n_estimators,param_algorithm,param_kernel,param_activation,param_hidden_layer_sizes,param_p,param_booster
0,0.5891153812408447,0.01121817537032327,0.0009061336517333984,0.00019747752515102886,1.0,l2,42,saga,"{'C': 1.0, 'penalty': 'l2', 'random_state': 42, 'solver': 'saga'}",0.9086206896551724,0.9387402933563417,0.9283865401207938,0.9439171699741156,0.9370146678170836,0.9313358721847015,0.012410006476713293,13,,,,,,,,,,,,
1,0.603049898147583,0.11026658096999964,0.0010110855102539063,1.0995620863788646e-05,1.0,l2,42,liblinear,"{'C': 1.0, 'penalty': 'l2', 'random_state': 42, 'solver': 'liblinear'}",0.9801724137931035,0.9922346850733391,0.9879206212251941,0.9836065573770492,0.9861949956859362,0.9860258546309243,0.004056700468370431,5,,,,,,,,,,,,
2,0.5783370018005372,0.007859576727915388,0.0008430004119873047,0.00042684941631189195,1.0,l2,1453,saga,"{'C': 1.0, 'penalty': 'l2', 'random_state': 1453, 'solver': 'saga'}",0.9086206896551724,0.9387402933563417,0.9283865401207938,0.9430543572044866,0.9352890422778257,0.9308181845229241,0.012092261758896623,16,,,,,,,,,,,,
3,0.5894934654235839,0.10190433682491519,0.0008673191070556641,0.000269212665177453,1.0,l2,1453,liblinear,"{'C': 1.0, 'penalty': 'l2', 'random_state': 1453, 'solver': 'liblinear'}",0.9801724137931035,0.9922346850733391,0.9879206212251941,0.9836065573770492,0.9861949956859362,0.9860258546309243,0.004056700468370431,5,,,,,,,,,,,,
4,14.22685399055481,0.33388878270811834,0.001012897491455078,2.766477528450067e-06,1.0,l1,42,saga,"{'C': 1.0, 'penalty': 'l1', 'random_state': 42, 'solver': 'saga'}",0.9077586206896552,0.9387402933563417,0.9275237273511648,0.9421915444348576,0.9352890422778257,0.9303006456219689,0.01227484739446161,20,,,,,,,,,,,,
5,0.12614259719848633,0.005958588183913708,0.0010043621063232423,3.922257370506056e-06,1.0,l1,42,liblinear,"{'C': 1.0, 'penalty': 'l1', 'random_state': 42, 'solver': 'liblinear'}",0.9577586206896552,0.9801553062985332,0.9792924935289042,0.9784296807592753,0.9818809318377912,0.9755034066228319,0.008945509333491112,7,,,,,,,,,,,,
6,14.176452112197875,0.30877103675478385,0.000807952880859375,0.00040403505585386484,1.0,l1,1453,saga,"{'C': 1.0, 'penalty': 'l1', 'random_state': 1453, 'solver': 'saga'}",0.903448275862069,0.9387402933563417,0.9283865401207938,0.9421915444348576,0.9352890422778257,0.9296111392103775,0.013855263951211567,21,,,,,,,,,,,,
7,0.12552995681762696,0.006912228937772271,0.0010062217712402343,5.733161302638678e-06,1.0,l1,1453,liblinear,"{'C': 1.0, 'penalty': 'l1', 'random_state': 1453, 'solver': 'liblinear'}",0.9577586206896552,0.9801553062985332,0.9792924935289042,0.9784296807592753,0.9818809318377912,0.9755034066228319,0.008945509333491112,7,,,,,,,,,,,,
8,0.5885672092437744,0.007798645994738151,0.0010103702545166016,4.0556394910745465e-06,0.8,l2,42,saga,"{'C': 0.8, 'penalty': 'l2', 'random_state': 42, 'solver': 'saga'}",0.9086206896551724,0.9387402933563417,0.9283865401207938,0.9439171699741156,0.9370146678170836,0.9313358721847015,0.012410006476713293,13,,,,,,,,,,,,
9,0.4946787357330322,0.1455581435061171,0.0008214950561523437,0.00041252492996953296,0.8,l2,42,liblinear,"{'C': 0.8, 'penalty': 'l2', 'random_state': 42, 'solver': 'liblinear'}",0.9810344827586207,0.9922346850733391,0.9870578084555651,0.9844693701466781,0.9887834339948232,0.9867159560858052,0.0037993153365896647,3,,,,,,,,,,,,
10,0.5890310764312744,0.004066978015125556,0.0010112762451171876,9.254327019964649e-06,0.8,l2,1453,saga,"{'C': 0.8, 'penalty': 'l2', 'random_state': 1453, 'solver': 'saga'}",0.9086206896551724,0.9387402933563417,0.9283865401207938,0.9430543572044866,0.9352890422778257,0.9308181845229241,0.012092261758896623,16,,,,,,,,,,,,
11,0.4883707523345947,0.1315000376971856,0.0007972240447998047,0.00039879212898659747,0.8,l2,1453,liblinear,"{'C': 0.8, 'penalty': 'l2', 'random_state': 1453, 'solver': 'liblinear'}",0.9810344827586207,0.9922346850733391,0.9870578084555651,0.9844693701466781,0.9887834339948232,0.9867159560858052,0.0037993153365896647,3,,,,,,,,,,,,
12,12.103125619888306,0.23049802567887098,0.0008273601531982421,0.00041990092794991067,0.8,l1,42,saga,"{'C': 0.8, 'penalty': 'l1', 'random_state': 42, 'solver': 'saga'}",0.9077586206896552,0.9378774805867127,0.9275237273511648,0.9421915444348576,0.9361518550474547,0.9303006456219691,0.012238404451022165,19,,,,,,,,,,,,
13,0.12117533683776856,0.007444104976101544,0.0010001659393310547,1.1702442681742076e-05,0.8,l1,42,liblinear,"{'C': 0.8, 'penalty': 'l1', 'random_state': 42, 'solver': 'liblinear'}",0.9568965517241379,0.9792924935289042,0.9706643658326143,0.9792924935289042,0.9758412424503883,0.9723974294129899,0.008369281750067546,9,,,,,,,,,,,,
14,12.095932006835938,0.21351842292586182,0.0008024692535400391,0.0004014102430023391,0.8,l1,1453,saga,"{'C': 0.8, 'penalty': 'l1', 'random_state': 1453, 'solver': 'saga'}",0.903448275862069,0.9387402933563417,0.9283865401207938,0.9413287316652287,0.9361518550474547,0.9296111392103775,0.013779836381703712,21,,,,,,,,,,,,
15,0.12368302345275879,0.006124623013923067,0.0008242130279541016,0.0003465228810656194,0.8,l1,1453,liblinear,"{'C': 0.8, 'penalty': 'l1', 'random_state': 1453, 'solver': 'liblinear'}",0.9568965517241379,0.9784296807592753,0.9706643658326143,0.9792924935289042,0.9758412424503883,0.9722248668590641,0.008233123866761307,10,,,,,,,,,,,,
16,0.5872299671173096,0.004331229832072919,0.0008365631103515625,0.00034614736848957457,0.6,l2,42,saga,"{'C': 0.6, 'penalty': 'l2', 'random_state': 42, 'solver': 'saga'}",0.9086206896551724,0.9387402933563417,0.9283865401207938,0.9439171699741156,0.9370146678170836,0.9313358721847015,0.012410006476713293,13,,,,,,,,,,,,
17,0.5375938415527344,0.09597767013818805,0.0008153915405273438,0.0004077384881734451,0.6,l2,42,liblinear,"{'C': 0.6, 'penalty': 'l2', 'random_state': 42, 'solver': 'liblinear'}",0.9801724137931035,0.99137187230371,0.9870578084555651,0.9861949956859362,0.9896462467644521,0.9868886674005534,0.003829392166274492,1,,,,,,,,,,,,
18,0.584274435043335,0.0072892821167854765,0.0006018638610839844,0.0004916439133389545,0.6,l2,1453,saga,"{'C': 0.6, 'penalty': 'l2', 'random_state': 1453, 'solver': 'saga'}",0.9086206896551724,0.9387402933563417,0.9283865401207938,0.9430543572044866,0.9352890422778257,0.9308181845229241,0.012092261758896623,16,,,,,,,,,,,,
19,0.5392195224761963,0.09261216101077847,0.0008841991424560547,0.00046495705449758955,0.6,l2,1453,liblinear,"{'C': 0.6, 'penalty': 'l2', 'random_state': 1453, 'solver': 'liblinear'}",0.9801724137931035,0.99137187230371,0.9870578084555651,0.9861949956859362,0.9896462467644521,0.9868886674005534,0.003829392166274492,1,,,,,,,,,,,,
20,10.02024574279785,0.21788104330435892,0.0009994983673095703,1.5120625833780411e-05,0.6,l1,42,saga,"{'C': 0.6, 'penalty': 'l1', 'random_state': 42, 'solver': 'saga'}",0.903448275862069,0.9378774805867127,0.9275237273511648,0.9413287316652287,0.9361518550474547,0.9292660141025261,0.013687019299331669,23,,,,,,,,,,,,
21,0.12157468795776367,0.008756062916015713,0.0010200023651123046,3.11704916144018e-05,0.6,l1,42,liblinear,"{'C': 0.6, 'penalty': 'l1', 'random_state': 42, 'solver': 'liblinear'}",0.9534482758620689,0.9767040552200172,0.9706643658326143,0.9732528041415013,0.9784296807592753,0.9704998363630954,0.00894132407227987,12,,,,,,,,,,,,
22,9.98973536491394,0.2069902335568444,0.000809621810913086,0.0004049013361629617,0.6,l1,1453,saga,"{'C': 0.6, 'penalty': 'l1', 'random_state': 1453, 'solver': 'saga'}",0.903448275862069,0.9378774805867127,0.9275237273511648,0.9413287316652287,0.9361518550474547,0.9292660141025261,0.013687019299331669,23,,,,,,,,,,,,
23,0.12872719764709473,0.010218486721600481,0.0010489463806152345,9.233500636836076e-05,0.6,l1,1453,liblinear,"{'C': 0.6, 'penalty': 'l1', 'random_state': 1453, 'solver': 'liblinear'}",0.9534482758620689,0.9775668679896462,0.9706643658326143,0.9732528041415013,0.9784296807592753,0.9706723989170213,0.009066841743834013,11,,,,,,,,,,,,
0,0.022240495681762694,0.0022970014192633943,0.0008270740509033203,0.0004159605255581545,,l2,42,,"{'alpha': 0.0001, 'loss': 'hinge', 'penalty': 'l2', 'random_state': 42}",0.975,0.9887834339948232,0.9775668679896462,0.9792924935289042,0.9784296807592753,0.9798144952545297,0.004708784386499267,2,0.0001,hinge,,,,,,,,,,
1,0.027432870864868165,0.00328263143093367,0.0007998943328857422,0.00040006822283276353,,l2,1453,,"{'alpha': 0.0001, 'loss': 'hinge', 'penalty': 'l2', 'random_state': 1453}",0.9629310344827586,0.9879206212251941,0.9706643658326143,0.9827437446074202,0.9775668679896462,0.9763653268275266,0.008816279376540866,8,0.0001,hinge,,,,,,,,,,
2,0.36579022407531736,0.16861019265571695,0.0004004001617431641,0.0004904425738643965,,l1,42,,"{'alpha': 0.0001, 'loss': 'hinge', 'penalty': 'l1', 'random_state': 42}",0.9732758620689655,0.9767040552200172,0.9732528041415013,0.9775668679896462,0.9827437446074202,0.9767086668055102,0.0034895796229922667,7,0.0001,hinge,,,,,,,,,,
3,0.4939277648925781,0.045148033605985224,0.00045900344848632814,0.0005624729845484789,,l1,1453,,"{'alpha': 0.0001, 'loss': 'hinge', 'penalty': 'l1', 'random_state': 1453}",0.946551724137931,0.9836065573770492,0.9775668679896462,0.9767040552200172,0.9810181190681622,0.9730894647585611,0.013496939486065975,13,0.0001,hinge,,,,,,,,,,
4,0.0213010311126709,0.0037046530898041607,0.0008036136627197265,0.0004018719692564455,,l2,42,,"{'alpha': 0.0001, 'loss': 'perceptron', 'penalty': 'l2', 'random_state': 42}",0.978448275862069,0.9887834339948232,0.9810181190681622,0.9861949956859362,0.9689387402933564,0.9806767129808694,0.006914229711729408,1,0.0001,perceptron,,,,,,,,,,
5,0.027214717864990235,0.00400121553864778,0.0007989883422851562,0.00039950034641493445,,l2,1453,,"{'alpha': 0.0001, 'loss': 'perceptron', 'penalty': 'l2', 'random_state': 1453}",0.9629310344827586,0.9870578084555651,0.9836065573770492,0.9792924935289042,0.9767040552200172,0.977918389812859,0.008292982728565865,5,0.0001,perceptron,,,,,,,,,,
6,0.3720247745513916,0.14072834639887657,0.0008955001831054688,0.00047765092552607254,,l1,42,,"{'alpha': 0.0001, 'loss': 'perceptron', 'penalty': 'l1', 'random_state': 42}",0.9706896551724138,0.9792924935289042,0.9732528041415013,0.9715271786022434,0.9775668679896462,0.9744657998869417,0.0033846629826134443,11,0.0001,perceptron,,,,,,,,,,
7,0.478701114654541,0.09456941132628398,0.0008082389831542969,0.00040423623652088104,,l1,1453,,"{'alpha': 0.0001, 'loss': 'perceptron', 'penalty': 'l1', 'random_state': 1453}",0.9474137931034483,0.9836065573770492,0.9784296807592753,0.9741156169111302,0.9818809318377912,0.9730893159977387,0.0132416776924683,14,0.0001,perceptron,,,,,,,,,,
8,0.01875958442687988,0.0006527765480240554,0.0007084369659423828,0.00044838148354038387,,l2,42,,"{'alpha': 0.001, 'loss': 'hinge', 'penalty': 'l2', 'random_state': 42}",0.978448275862069,0.9784296807592753,0.9775668679896462,0.9844693701466781,0.9801553062985332,0.9798139002112404,0.0024746759624377584,3,0.001,hinge,,,,,,,,,,
9,0.023131895065307616,0.0023907681742884775,0.0010027885437011719,8.042873284069538e-06,,l2,1453,,"{'alpha': 0.001, 'loss': 'hinge', 'penalty': 'l2', 'random_state': 1453}",0.9612068965517241,0.9810181190681622,0.9706643658326143,0.9879206212251941,0.9784296807592753,0.9758479366873939,0.009169246024762951,10,0.001,hinge,,,,,,,,,,
10,0.6302953720092773,0.5444889941348122,0.001014566421508789,9.918442136609397e-06,,l1,42,,"{'alpha': 0.001, 'loss': 'hinge', 'penalty': 'l1', 'random_state': 42}",0.9612068965517241,0.9542709232096636,0.9628990509059534,0.9603106125970664,0.9680759275237274,0.9613526821576268,0.004446386325266547,17,0.001,hinge,,,,,,,,,,
11,0.8052359580993652,0.2941855362846747,0.000608062744140625,0.0004965391806726145,,l1,1453,,"{'alpha': 0.001, 'loss': 'hinge', 'penalty': 'l1', 'random_state': 1453}",0.9379310344827586,0.9663503019844694,0.9637618636755824,0.9620362381363244,0.9594477998274374,0.9579054476213145,0.010237505897941401,18,0.001,hinge,,,,,,,,,,
12,0.0182523250579834,0.0019440313127645579,0.0010670185089111327,0.00012484964582845618,,l2,42,,"{'alpha': 0.001, 'loss': 'perceptron', 'penalty': 'l2', 'random_state': 42}",0.975,0.9801553062985332,0.9741156169111302,0.9827437446074202,0.9680759275237274,0.976018119068162,0.005100683179661775,9,0.001,perceptron,,,,,,,,,,
13,0.019512462615966796,0.0013978208420139795,0.0009587764739990235,7.358952333849617e-05,,l2,1453,,"{'alpha': 0.001, 'loss': 'perceptron', 'penalty': 'l2', 'random_state': 1453}",0.9508620689655173,0.9767040552200172,0.9827437446074202,0.9818809318377912,0.9732528041415013,0.9730887209544494,0.011641684394775031,15,0.001,perceptron,,,,,,,,,,
14,1.1111384868621825,0.9836423918094469,0.001007413864135742,7.44171568866707e-06,,l1,42,,"{'alpha': 0.001, 'loss': 'perceptron', 'penalty': 'l1', 'random_state': 42}",0.9594827586206897,0.9551337359792925,0.9594477998274374,0.9370146678170836,0.9680759275237274,0.9558309779536461,0.010304323034599277,20,0.001,perceptron,,,,,,,,,,
15,0.7588539600372315,0.23348347392142507,0.0006077766418457031,0.0004962973141746005,,l1,1453,,"{'alpha': 0.001, 'loss': 'perceptron', 'penalty': 'l1', 'random_state': 1453}",0.9379310344827586,0.9672131147540983,0.9568593615185504,0.9637618636755824,0.9594477998274374,0.9570426348516854,0.010194688556008549,19,0.001,perceptron,,,,,,,,,,
16,0.018322229385375977,0.002208230063507255,0.0008001327514648438,0.0004000664041494148,,l2,42,,"{'alpha': 0.01, 'loss': 'hinge', 'penalty': 'l2', 'random_state': 42}",0.968103448275862,0.9827437446074202,0.9801553062985332,0.9853321829163072,0.9801553062985332,0.9792979976793312,0.005917304383761272,4,0.01,hinge,,,,,,,,,,
17,0.018451786041259764,0.0022179235084291535,0.0007999420166015625,0.0003999710083007812,,l2,1453,,"{'alpha': 0.01, 'loss': 'hinge', 'penalty': 'l2', 'random_state': 1453}",0.9594827586206897,0.9818809318377912,0.9801553062985332,0.9827437446074202,0.9801553062985332,0.9768836095325936,0.008757990925230127,6,0.01,hinge,,,,,,,,,,
18,0.7990275382995605,0.37501897034181275,0.0008014202117919922,0.0004010879014681429,,l1,42,,"{'alpha': 0.01, 'loss': 'hinge', 'penalty': 'l1', 'random_state': 42}",0.8793103448275862,0.8981880931837791,0.8990509059534081,0.9180327868852459,0.9301121656600517,0.9049388593020143,0.017562504858561423,22,0.01,hinge,,,,,,,,,,
19,0.5368132591247559,0.3245217128277802,0.0006992816925048828,0.00039698920029979307,,l1,1453,,"{'alpha': 0.01, 'loss': 'hinge', 'penalty': 'l1', 'random_state': 1453}",0.8974137931034483,0.911130284728214,0.8912855910267472,0.911993097497843,0.9396031061259706,0.9102851744964446,0.016672306129039745,21,0.01,hinge,,,,,,,,,,
20,0.01635594367980957,0.0025871009186867727,0.0010020732879638672,4.173346803100789e-06,,l2,42,,"{'alpha': 0.01, 'loss': 'perceptron', 'penalty': 'l2', 'random_state': 42}",0.9775862068965517,0.9792924935289042,0.9698015530629853,0.9767040552200172,0.9672131147540983,0.9741194846925113,0.004728650280080227,12,0.01,perceptron,,,,,,,,,,
21,0.018369340896606447,0.0020039841440647726,0.0008162021636962891,0.00037054556886855335,,l2,1453,,"{'alpha': 0.01, 'loss': 'perceptron', 'penalty': 'l2', 'random_state': 1453}",0.9474137931034483,0.9784296807592753,0.9741156169111302,0.9784296807592753,0.9741156169111302,0.970500877688852,0.011703657464253175,16,0.01,perceptron,,,,,,,,,,
22,0.8587489604949952,0.393396926418215,0.0008030891418457031,0.00040161513333815147,,l1,42,,"{'alpha': 0.01, 'loss': 'perceptron', 'penalty': 'l1', 'random_state': 42}",0.8767241379310344,0.8938740293356342,0.8878343399482312,0.8740293356341674,0.9007765314926661,0.8866476748683466,0.010108927072487046,24,0.01,perceptron,,,,,,,,,,
23,0.5026245594024659,0.3463712965284069,0.0008028030395507812,0.00040164012234124384,,l1,1453,,"{'alpha': 0.01, 'loss': 'perceptron', 'penalty': 'l1', 'random_state': 1453}",0.8939655172413793,0.8955996548748921,0.8938740293356342,0.902502157031924,0.9378774805867127,0.9047637678141085,0.016857060493694315,23,0.01,perceptron,,,,,,,,,,
0,0.7118841648101807,0.01562367334932372,0.0017576217651367188,0.0008650362277837723,,,,,"{'criterion': 'gini', 'max_depth': None, 'splitter': 'best'}",0.9413793103448276,0.9534081104400345,0.9577221742881795,0.9370146678170836,0.9370146678170836,0.9453077861414417,0.008633850033078254,1,,,gini,,best,,,,,,,
1,0.6768134117126465,0.03175039401658492,0.0015007495880126954,0.0004482524083382876,,,,,"{'criterion': 'gini', 'max_depth': None, 'splitter': 'random'}",0.9224137931034483,0.9508196721311475,0.9430543572044866,0.9370146678170836,0.9197584124245038,0.934612180536134,0.011909325412543066,8,,,gini,,random,,,,,,,
2,0.714101505279541,0.015755396185188168,0.0010401248931884766,5.196400617012955e-05,,,,,"{'criterion': 'gini', 'max_depth': 100, 'splitter': 'best'}",0.9387931034482758,0.9551337359792925,0.9525452976704055,0.9370146678170836,0.9335634167385677,0.943410044330725,0.008718610649096972,3,,,gini,100,best,,,,,,,
3,0.6690804958343506,0.03793347718371976,0.0014904022216796875,0.0004588690316621642,,,,,"{'criterion': 'gini', 'max_depth': 100, 'splitter': 'random'}",0.9405172413793104,0.9508196721311475,0.9327006039689387,0.9275237273511648,0.917169974115617,0.9337462437892358,0.011418705298409085,9,,,gini,100,random,,,,,,,
4,0.35123381614685056,0.00486350599506781,0.0012093544006347655,0.00039564212619134517,,,,,"{'criterion': 'gini', 'max_depth': 10, 'splitter': 'best'}",0.9137931034482759,0.9421915444348576,0.9490940465918896,0.9292493528904228,0.9404659188955996,0.9349587932522091,0.012353385314319771,7,,,gini,10,best,,,,,,,
5,0.31125593185424805,0.005211755297438448,0.0012142181396484375,0.00039642330841250807,,,,,"{'criterion': 'gini', 'max_depth': 10, 'splitter': 'random'}",0.896551724137931,0.9456427955133736,0.9344262295081968,0.911993097497843,0.9266609145815358,0.923054952247776,0.017188980801828544,12,,,gini,10,random,,,,,,,
6,0.4925366401672363,0.010304075078890532,0.0011441230773925782,0.00017680080160918662,,,,,"{'criterion': 'entropy', 'max_depth': None, 'splitter': 'best'}",0.9327586206896552,0.9534081104400345,0.9525452976704055,0.9335634167385677,0.9465056082830026,0.943756210764333,0.008975594021682317,2,,,entropy,,best,,,,,,,
7,0.5202646732330323,0.014707712370888335,0.0012938022613525391,0.00039229655853221824,,,,,"{'criterion': 'entropy', 'max_depth': None, 'splitter': 'random'}",0.9258620689655173,0.9620362381363244,0.9430543572044866,0.9318377911993098,0.9361518550474547,0.9397884621106185,0.012458026438869316,5,,,entropy,,random,,,,,,,
8,0.48856019973754883,0.01939715383158018,0.0012275218963623048,0.0003798681733401597,,,,,"{'criterion': 'entropy', 'max_depth': 100, 'splitter': 'best'}",0.9327586206896552,0.9516824849007766,0.9456427955133736,0.9387402933563417,0.9465056082830026,0.94306596054863,0.006598005736737188,4,,,entropy,100,best,,,,,,,
9,0.5100828647613526,0.028704383718558168,0.0014818668365478515,0.0004523896535475486,,,,,"{'criterion': 'entropy', 'max_depth': 100, 'splitter': 'random'}",0.9318965517241379,0.9430543572044866,0.9456427955133736,0.9352890422778257,0.9421915444348576,0.9396148582309364,0.005159271883834048,6,,,entropy,100,random,,,,,,,
10,0.359542179107666,0.004991086304365696,0.0011179924011230468,0.00014264106782368817,,,,,"{'criterion': 'entropy', 'max_depth': 10, 'splitter': 'best'}",0.9017241379310345,0.9361518550474547,0.9309749784296808,0.9370146678170836,0.9292493528904228,0.9270229984231353,0.012990585998562738,10,,,entropy,10,best,,,,,,,
11,0.3429587364196777,0.020746268900315733,0.0016105175018310547,0.0004840815038977083,,,,,"{'criterion': 'entropy', 'max_depth': 10, 'splitter': 'random'}",0.9077586206896552,0.9318377911993098,0.9249352890422778,0.9275237273511648,0.9370146678170836,0.9258140192198983,0.009913960283990025,11,,,entropy,10,random,,,,,,,
12,0.01047220230102539,0.00028416168575102937,0.0,0.0,,,,,"{'criterion': 'log_loss', 'max_depth': None, 'splitter': 'best'}",,,,,,,,14,,,log_loss,,best,,,,,,,
13,0.011073732376098632,0.00036306534659860836,0.0,0.0,,,,,"{'criterion': 'log_loss', 'max_depth': None, 'splitter': 'random'}",,,,,,,,15,,,log_loss,,random,,,,,,,
14,0.010893106460571289,0.00038087697467961045,0.0,0.0,,,,,"{'criterion': 'log_loss', 'max_depth': 100, 'splitter': 'best'}",,,,,,,,16,,,log_loss,100,best,,,,,,,
15,0.01266775131225586,0.0017583423814853485,0.0,0.0,,,,,"{'criterion': 'log_loss', 'max_depth': 100, 'splitter': 'random'}",,,,,,,,17,,,log_loss,100,random,,,,,,,
16,0.012910413742065429,0.0015503992238811931,0.0,0.0,,,,,"{'criterion': 'log_loss', 'max_depth': 10, 'splitter': 'best'}",,,,,,,,13,,,log_loss,10,best,,,,,,,
17,0.010955286026000977,0.0004370129283230308,0.0,0.0,,,,,"{'criterion': 'log_loss', 'max_depth': 10, 'splitter': 'random'}",,,,,,,,18,,,log_loss,10,random,,,,,,,
0,4.425455093383789,0.13542748512876582,0.05092344284057617,0.0011370893731283758,,,,,"{'criterion': 'gini', 'n_estimators': 100}",0.968103448275862,0.9853321829163072,0.9836065573770492,0.9784296807592753,0.9844693701466781,0.9799882478950345,0.006409490699859833,3,,,gini,,,100,,,,,,
1,8.75387282371521,0.1830537606652631,0.10150160789489746,0.0024386916799133515,,,,,"{'criterion': 'gini', 'n_estimators': 200}",0.9724137931034482,0.9844693701466781,0.9836065573770492,0.9758412424503883,0.9836065573770492,0.9799875040909225,0.004915990244720529,5,,,gini,,,200,,,,,,
2,13.146929836273193,0.2572014616905261,0.15183405876159667,0.0032095147076929725,,,,,"{'criterion': 'gini', 'n_estimators': 300}",0.971551724137931,0.9861949956859362,0.9844693701466781,0.9792924935289042,0.9844693701466781,0.9811955907292257,0.00534892989398838,1,,,gini,,,300,,,,,,
3,3.9885194301605225,0.06455738892420053,0.04983663558959961,0.00197152128089467,,,,,"{'criterion': 'entropy', 'n_estimators': 100}",0.9698275862068966,0.9870578084555651,0.9792924935289042,0.9801553062985332,0.9853321829163072,0.9803330754812413,0.006028147747003413,2,,,entropy,,,100,,,,,,
4,8.035819149017334,0.18335160758084615,0.09660663604736328,0.002048739857000714,,,,,"{'criterion': 'entropy', 'n_estimators': 200}",0.9689655172413794,0.9844693701466781,0.9827437446074202,0.9758412424503883,0.9853321829163072,0.9794704114724346,0.006222352170937093,6,,,entropy,,,200,,,,,,
5,12.00925817489624,0.1804439235849935,0.14538235664367677,0.0032134159022589657,,,,,"{'criterion': 'entropy', 'n_estimators': 300}",0.9706896551724138,0.9861949956859362,0.9810181190681622,0.9775668679896462,0.9844693701466781,0.9799878016125673,0.0055134692468323514,4,,,entropy,,,300,,,,,,
6,0.03661303520202637,0.0005778350655241608,0.0,0.0,,,,,"{'criterion': 'log_loss', 'n_estimators': 100}",,,,,,,,7,,,log_loss,,,100,,,,,,
7,0.06205306053161621,0.0012044742346011166,0.0,0.0,,,,,"{'criterion': 'log_loss', 'n_estimators': 200}",,,,,,,,8,,,log_loss,,,200,,,,,,
8,0.08709745407104492,0.001503503563386616,0.0,0.0,,,,,"{'criterion': 'log_loss', 'n_estimators': 300}",,,,,,,,9,,,log_loss,,,300,,,,,,
0,17.907775497436525,0.4522445217583266,0.0034392356872558595,0.0008679764562129599,,,,,"{'criterion': 'friedman_mse', 'n_estimators': 100}",0.9318965517241379,0.9594477998274374,0.9611734253666955,0.9654874892148404,0.9672131147540983,0.957043676177442,0.012883539628033116,3,,,friedman_mse,,,100,,,,,,
1,35.23410668373108,0.7551740869424862,0.0043027400970458984,0.0004067900842887499,,,,,"{'criterion': 'friedman_mse', 'n_estimators': 200}",0.95,0.9715271786022434,0.9706643658326143,0.9715271786022434,0.9732528041415013,0.9673943054357205,0.008737716462523087,2,,,friedman_mse,,,200,,,,,,
2,52.7402681350708,1.5554290452250858,0.004980754852294922,0.00042109962711691957,,,,,"{'criterion': 'friedman_mse', 'n_estimators': 300}",0.9508620689655173,0.9741156169111302,0.9758412424503883,0.9732528041415013,0.9732528041415013,0.9694649073220077,0.009349317289511003,1,,,friedman_mse,,,300,,,,,,
0,9.554942321777343,0.15205683154559782,0.06219515800476074,0.0012853933413516942,,,,,"{'criterion': 'gini', 'n_estimators': 100}",0.9732758620689655,0.9844693701466781,0.9853321829163072,0.9775668679896462,0.9827437446074202,0.9806776055458034,0.00457764119495161,6,,,gini,,,100,,,,,,
1,18.965526628494263,0.24657611216466943,0.12193832397460938,0.0018258327824860574,,,,,"{'criterion': 'gini', 'n_estimators': 200}",0.975,0.9853321829163072,0.9836065573770492,0.9792924935289042,0.9818809318377912,0.9810224331320103,0.0036125075281527863,5,,,gini,,,200,,,,,,
2,28.433489036560058,0.33598383277697225,0.1844489097595215,0.002100768021275032,,,,,"{'criterion': 'gini', 'n_estimators': 300}",0.9758620689655172,0.9853321829163072,0.9870578084555651,0.9767040552200172,0.9818809318377912,0.9813674094790397,0.004481504685902189,3,,,gini,,,300,,,,,,
3,8.438565921783447,0.047483963406247484,0.05851030349731445,0.001048461048920398,,,,,"{'criterion': 'entropy', 'n_estimators': 100}",0.9775862068965517,0.9853321829163072,0.9801553062985332,0.9818809318377912,0.9818809318377912,0.981367111957395,0.00253035671327777,4,,,entropy,,,100,,,,,,
4,16.911997032165527,0.16267685075584506,0.11613616943359376,0.0019399905364741073,,,,,"{'criterion': 'entropy', 'n_estimators': 200}",0.975,0.9861949956859362,0.9861949956859362,0.9810181190681622,0.9818809318377912,0.9820578084555652,0.00412692466405508,1,,,entropy,,,200,,,,,,
5,25.49663381576538,0.3170369278803968,0.17507662773132324,0.0024030775169863825,,,,,"{'criterion': 'entropy', 'n_estimators': 300}",0.978448275862069,0.9844693701466781,0.9853321829163072,0.9801553062985332,0.9810181190681622,0.9818846508583498,0.0026121421919619043,2,,,entropy,,,300,,,,,,
6,0.0366610050201416,0.0007487708258886237,0.0,0.0,,,,,"{'criterion': 'log_loss', 'n_estimators': 100}",,,,,,,,7,,,log_loss,,,100,,,,,,
7,0.06367206573486328,0.0013794521616057214,0.0,0.0,,,,,"{'criterion': 'log_loss', 'n_estimators': 200}",,,,,,,,8,,,log_loss,,,200,,,,,,
8,0.08831806182861328,0.0016078936134505208,0.0,0.0,,,,,"{'criterion': 'log_loss', 'n_estimators': 300}",,,,,,,,9,,,log_loss,,,300,,,,,,
0,7.811676979064941,0.2153781198297538,0.033946561813354495,0.0013791843989815983,,,,,"{'algorithm': 'SAMME.R', 'n_estimators': 50}",0.9448275862068966,0.9611734253666955,0.9577221742881795,0.9654874892148404,0.9654874892148404,0.9589396328582905,0.007633750595397833,4,,,,,,50,SAMME.R,,,,,
1,15.861113548278809,0.41656488461172564,0.06941518783569336,0.004002452555576137,,,,,"{'algorithm': 'SAMME.R', 'n_estimators': 100}",0.9698275862068966,0.9792924935289042,0.9749784296807593,0.9741156169111302,0.9715271786022434,0.9739482609859869,0.003240113503013462,2,,,,,,100,SAMME.R,,,,,
2,32.29897894859314,0.5691851781673999,0.14608654975891114,0.009786942132040666,,,,,"{'algorithm': 'SAMME.R', 'n_estimators': 200}",0.975,0.9870578084555651,0.9810181190681622,0.9758412424503883,0.9792924935289042,0.9796419327006041,0.004312864371644746,1,,,,,,200,SAMME.R,,,,,
3,8.01754388809204,0.22110966909423688,0.030905723571777344,0.0014023349133371202,,,,,"{'algorithm': 'SAMME', 'n_estimators': 50}",0.9,0.9525452976704055,0.9430543572044866,0.9430543572044866,0.9490940465918896,0.9375496117342536,0.019124446970593425,6,,,,,,50,SAMME,,,,,
4,16.14878396987915,0.41424424713476815,0.0627288818359375,0.005613570721644662,,,,,"{'algorithm': 'SAMME', 'n_estimators': 100}",0.9293103448275862,0.9594477998274374,0.9559965487489215,0.9534081104400345,0.9603106125970664,0.9516946832882092,0.011461636369144549,5,,,,,,100,SAMME,,,,,
5,31.896608304977416,1.2918671049128043,0.12010531425476074,0.005593078643053327,,,,,"{'algorithm': 'SAMME', 'n_estimators': 200}",0.9275862068965517,0.9698015530629853,0.9715271786022434,0.9663503019844694,0.9706643658326143,0.9611859212757728,0.01689155564104041,3,,,,,,200,SAMME,,,,,
0,1.3282306671142579,0.04202640785500985,0.23448853492736815,0.006642170325697591,1.0,,,,"{'C': 1.0, 'kernel': 'linear'}",0.9586206896551724,0.9749784296807593,0.9715271786022434,0.9689387402933564,0.9732528041415013,0.9694635684746066,0.005777091890113023,2,,,,,,,,linear,,,,
1,8.813414525985717,0.1295416083863282,1.8482009410858153,0.04716783878525002,1.0,,,,"{'C': 1.0, 'kernel': 'poly'}",0.7637931034482759,0.7929249352890423,0.7808455565142364,0.7618636755823986,0.7756686798964625,0.775019190146083,0.011437453187649773,8,,,,,,,,poly,,,,
2,4.184384107589722,0.049135973158254104,0.9560188770294189,0.03606275336409507,1.0,,,,"{'C': 1.0, 'kernel': 'rbf'}",0.9241379310344827,0.9482312338222606,0.9344262295081968,0.9318377911993098,0.9421915444348576,0.9361649459998216,0.00834639662601107,4,,,,,,,,rbf,,,,
3,3.3074878215789796,0.12978864232176643,0.6657209873199463,0.03744812476804715,1.0,,,,"{'C': 1.0, 'kernel': 'sigmoid'}",0.8767241379310344,0.8861087144089732,0.8852459016393442,0.90595340811044,0.8792062122519413,0.8866476748683466,0.01028415026917385,5,,,,,,,,sigmoid,,,,
4,1.3203389644622803,0.04364822547998554,0.23397722244262695,0.008397320267981604,2.0,,,,"{'C': 2.0, 'kernel': 'linear'}",0.9586206896551724,0.9767040552200172,0.9732528041415013,0.9689387402933564,0.9723899913718723,0.9699812561363839,0.006194358229233453,1,,,,,,,,linear,,,,
5,8.665599870681763,0.14464915776887466,1.8468825340270996,0.05648968399140883,2.0,,,,"{'C': 2.0, 'kernel': 'poly'}",0.7681034482758621,0.7998274374460742,0.7868852459016393,0.7696289905090595,0.7842968075927523,0.7817483859450775,0.011771133811274976,7,,,,,,,,poly,,,,
6,3.5317760944366454,0.02607493093040773,0.795801305770874,0.028699124508982713,2.0,,,,"{'C': 2.0, 'kernel': 'rbf'}",0.9310344827586207,0.9585849870578085,0.9508196721311475,0.9490940465918896,0.9568593615185504,0.9492785100116032,0.009791154808513962,3,,,,,,,,rbf,,,,
7,2.625104475021362,0.13889703420944227,0.5277021408081055,0.023898962517695015,2.0,,,,"{'C': 2.0, 'kernel': 'sigmoid'}",0.8672413793103448,0.8740293356341674,0.8800690250215704,0.8895599654874892,0.8550474547023296,0.8731894320311803,0.011666527126700858,6,,,,,,,,sigmoid,,,,
0,175.67609248161315,4.555484314608321,0.009840440750122071,0.0007497304952044661,,,,,"{'activation': 'identity', 'hidden_layer_sizes': 100}",0.9844827586206897,0.9887834339948232,0.9853321829163072,0.9767040552200172,0.9758412424503883,0.9822287346404451,0.005079335352332805,8,,,,,,,,,identity,100,,
1,284.79007802009585,9.484483204672927,0.018541669845581053,0.001135843913021274,,,,,"{'activation': 'identity', 'hidden_layer_sizes': 200}",0.9793103448275862,0.9905090595340811,0.9844693701466781,0.9827437446074202,0.9792924935289042,0.983265002528934,0.0041380845415090114,6,,,,,,,,,identity,200,,
2,341.43893375396726,143.9725750427211,0.011635065078735352,0.0012031770669020862,,,,,"{'activation': 'logistic', 'hidden_layer_sizes': 100}",0.9862068965517241,0.9905090595340811,0.9827437446074202,0.9801553062985332,0.9818809318377912,0.9842991877659099,0.0036780695740413535,4,,,,,,,,,logistic,100,,
3,436.42237105369566,22.813061626764913,0.020041608810424806,0.0009010183845562801,,,,,"{'activation': 'logistic', 'hidden_layer_sizes': 200}",0.9853448275862069,0.99137187230371,0.9836065573770492,0.9827437446074202,0.9810181190681622,0.9848170241885097,0.0035620221357082838,2,,,,,,,,,logistic,200,,
4,158.97484254837036,8.616975694898231,0.011256027221679687,0.00039487320676790977,,,,,"{'activation': 'tanh', 'hidden_layer_sizes': 100}",0.9862068965517241,0.9896462467644521,0.9827437446074202,0.9775668679896462,0.9792924935289042,0.9830912498884293,0.004421432874942978,7,,,,,,,,,tanh,100,,
5,302.060195016861,43.219723928993524,0.020484542846679686,0.0009741379887753306,,,,,"{'activation': 'tanh', 'hidden_layer_sizes': 200}",0.9827586206896551,0.9922346850733391,0.9844693701466781,0.9827437446074202,0.9810181190681622,0.984644907917051,0.003948711931237525,3,,,,,,,,,tanh,200,,
6,165.51044702529907,7.442207037273056,0.010068273544311524,0.0006152579167581583,,,,,"{'activation': 'relu', 'hidden_layer_sizes': 100}",0.9836206896551725,0.9896462467644521,0.9870578084555651,0.9853321829163072,0.9784296807592753,0.9848173217101545,0.0037639677280854765,1,,,,,,,,,relu,100,,
7,283.8713098526001,11.262059850186033,0.018589067459106445,0.0011176592183043319,,,,,"{'activation': 'relu', 'hidden_layer_sizes': 200}",0.9836206896551725,0.99137187230371,0.9818809318377912,0.9861949956859362,0.9775668679896462,0.9841270714944512,0.0045847853859563355,5,,,,,,,,,relu,200,,
0,0.004671955108642578,0.0012301788721562365,1.019688606262207,0.010098893712477528,,,,,"{'algorithm': 'auto', 'p': 1}",0.6672413793103448,0.7100949094046591,0.6945642795513374,0.723037100949094,0.6928386540120793,0.697555264645503,0.018744016239337864,5,,,,,,,auto,,,,1,
1,0.004285287857055664,0.0010474017002717918,0.27817554473876954,0.005063625100111049,,,,,"{'algorithm': 'auto', 'p': 2}",0.75,0.7748058671268335,0.7756686798964625,0.7911993097497843,0.8101811906816221,0.7803710094909405,0.019906681892086494,1,,,,,,,auto,,,,2,
2,0.00569448471069336,0.003771649153961237,0.9923036575317383,0.03270907619002014,,,,,"{'algorithm': 'ball_tree', 'p': 1}",0.6672413793103448,0.7100949094046591,0.6945642795513374,0.723037100949094,0.6928386540120793,0.697555264645503,0.018744016239337864,5,,,,,,,ball_tree,,,,1,
3,0.004088211059570313,0.0006146992753178528,0.2745375633239746,0.015251239708388192,,,,,"{'algorithm': 'ball_tree', 'p': 2}",0.75,0.7748058671268335,0.7756686798964625,0.7911993097497843,0.8101811906816221,0.7803710094909405,0.019906681892086494,1,,,,,,,ball_tree,,,,2,
4,0.0042476654052734375,0.0003784818460788076,0.9972306728363037,0.040361512813737586,,,,,"{'algorithm': 'kd_tree', 'p': 1}",0.6672413793103448,0.7100949094046591,0.6945642795513374,0.723037100949094,0.6928386540120793,0.697555264645503,0.018744016239337864,5,,,,,,,kd_tree,,,,1,
5,0.0036739349365234376,0.00047187446197371677,0.2712688446044922,0.006059308681650381,,,,,"{'algorithm': 'kd_tree', 'p': 2}",0.75,0.7748058671268335,0.7756686798964625,0.7911993097497843,0.8101811906816221,0.7803710094909405,0.019906681892086494,1,,,,,,,kd_tree,,,,2,
6,0.0038275718688964844,0.0003990155845899143,0.9859930992126464,0.03679866950148896,,,,,"{'algorithm': 'brute', 'p': 1}",0.6672413793103448,0.7100949094046591,0.6945642795513374,0.723037100949094,0.6928386540120793,0.697555264645503,0.018744016239337864,5,,,,,,,brute,,,,1,
7,0.003829288482666016,0.0003291928957906324,0.27599129676818845,0.005350049354648254,,,,,"{'algorithm': 'brute', 'p': 2}",0.75,0.7748058671268335,0.7756686798964625,0.7911993097497843,0.8101811906816221,0.7803710094909405,0.019906681892086494,1,,,,,,,brute,,,,2,
0,1.0519086837768554,0.0085621767823926,0.007499408721923828,0.0013847615384634802,,,,,{'booster': 'gbtree'},0.971551724137931,0.9861949956859362,0.9844693701466781,0.9818809318377912,0.9792924935289042,0.9806779030674482,0.005127715148858874,1,,,,,,,,,,,,gbtree
1,0.11514482498168946,0.0040009271872568225,0.0022102832794189454,0.000421095501861808,,,,,{'booster': 'gblinear'},0.6724137931034483,0.6729939603106126,0.6729939603106126,0.6729939603106126,0.3270060396893874,0.6036803427449347,0.13833733401333298,3,,,,,,,,,,,,gblinear
2,4.073257637023926,0.034015786083852015,0.5259869575500489,0.005668335405597631,,,,,{'booster': 'dart'},0.971551724137931,0.9861949956859362,0.9844693701466781,0.9818809318377912,0.9792924935289042,0.9806779030674482,0.005127715148858874,1,,,,,,,,,,,,dart
